{
  "timestamp": "2026-03-19T10:31:18.190926+00:00",
  "engine_version": "2039441",
  "days": 30,
  "timeframe": "1Min",
  "params": {
    "max_position_notional": 10000.0,
    "max_daily_loss": 500.0,
    "buy_z_threshold": -2.2,
    "sell_z_threshold": 1.8,
    "min_relative_volume": 1.2,
    "stop_loss_pct": 0.02,
    "max_hold_bars": 150,
    "take_profit_pct": 0.0
  },
  "categories": {
    "tech": {
      "symbols": {
        "AAPL": {
          "total_trades": 28,
          "win_rate": 0.32142857142857145,
          "total_pnl": -323.31500000000466,
          "profit_factor": 0.4262225258879929,
          "max_drawdown": 478.99500000000074,
          "expectancy": -11.546964285714452,
          "sharpe_approx": -0.40676645614407825,
          "psr": 0.004850830399276069,
          "dsr": 0.004850830399276069,
          "winning_trades": 9,
          "losing_trades": 19,
          "total_bars": 8563,
          "zero_volume_pct": 0.0
        },
        "MSFT": {
          "total_trades": 28,
          "win_rate": 0.42857142857142855,
          "total_pnl": -312.95499999999885,
          "profit_factor": 0.6185592140946191,
          "max_drawdown": 474.75000000000034,
          "expectancy": -11.176964285714245,
          "sharpe_approx": -0.17938783676838832,
          "psr": 0.17021912579139345,
          "dsr": 0.17021912579139345,
          "winning_trades": 12,
          "losing_trades": 16,
          "total_bars": 8670,
          "zero_volume_pct": 0.0
        },
        "NVDA": {
          "total_trades": 28,
          "win_rate": 0.5,
          "total_pnl": -299.9150000000039,
          "profit_factor": 0.7914577756145029,
          "max_drawdown": 922.2000000000023,
          "expectancy": -10.711250000000138,
          "sharpe_approx": -0.15146775694248196,
          "psr": 0.21504920448916234,
          "dsr": 0.21504920448916234,
          "winning_trades": 14,
          "losing_trades": 14,
          "total_bars": 8716,
          "zero_volume_pct": 0.0
        }
      },
      "aggregated": {
        "total_trades": 84,
        "winning_trades": 35,
        "losing_trades": 49,
        "win_rate": 0.4166666666666667,
        "total_pnl": -936.1850000000074,
        "expectancy": -11.145059523809612,
        "profit_factor": 0.6120798385323716,
        "sharpe_approx": -0.24587401661831618,
        "psr": 0.13003972022661062,
        "dsr": 0.13003972022661062,
        "max_drawdown": 922.2000000000023
      }
    },
    "oil_gas": {
      "symbols": {
        "XOM": {
          "total_trades": 32,
          "win_rate": 0.4375,
          "total_pnl": -220.2149999999987,
          "profit_factor": 0.762190677256849,
          "max_drawdown": 602.7599999999976,
          "expectancy": -6.881718749999959,
          "sharpe_approx": -0.05025123849613932,
          "psr": 0.3906656286815257,
          "dsr": 0.3906656286815257,
          "winning_trades": 14,
          "losing_trades": 18,
          "total_bars": 8541,
          "zero_volume_pct": 0.0
        },
        "CVX": {
          "total_trades": 31,
          "win_rate": 0.5161290322580645,
          "total_pnl": 401.1899999999987,
          "profit_factor": 1.6047710570943996,
          "max_drawdown": 264.4200000000004,
          "expectancy": 12.941612903225764,
          "sharpe_approx": 0.15951695538282307,
          "psr": 0.8225525903194528,
          "dsr": 0.8225525903194528,
          "winning_trades": 16,
          "losing_trades": 15,
          "total_bars": 7861,
          "zero_volume_pct": 0.0
        }
      },
      "aggregated": {
        "total_trades": 63,
        "winning_trades": 30,
        "losing_trades": 33,
        "win_rate": 0.47619047619047616,
        "total_pnl": 180.975,
        "expectancy": 2.8726190476190476,
        "profit_factor": 1.1767937213038977,
        "sharpe_approx": 0.052968031507794555,
        "psr": 0.6031814352017755,
        "dsr": 0.6031814352017755,
        "max_drawdown": 602.7599999999976
      }
    },
    "energy": {
      "symbols": {
        "NEE": {
          "total_trades": 34,
          "win_rate": 0.5,
          "total_pnl": -259.40499999999963,
          "profit_factor": 0.6700815241583684,
          "max_drawdown": 422.92000000000064,
          "expectancy": -7.6295588235294005,
          "sharpe_approx": -0.13677533601766725,
          "psr": 0.20658404867625144,
          "dsr": 0.20658404867625144,
          "winning_trades": 17,
          "losing_trades": 17,
          "total_bars": 8004,
          "zero_volume_pct": 0.0
        },
        "ENPH": {
          "total_trades": 27,
          "win_rate": 0.4074074074074074,
          "total_pnl": -398.1649999999978,
          "profit_factor": 0.29343235377626536,
          "max_drawdown": 439.15499999999815,
          "expectancy": -14.74685185185177,
          "sharpe_approx": -0.1656800074651643,
          "psr": 0.20757450791958693,
          "dsr": 0.20757450791958693,
          "winning_trades": 11,
          "losing_trades": 16,
          "total_bars": 6457,
          "zero_volume_pct": 0.0
        }
      },
      "aggregated": {
        "total_trades": 61,
        "winning_trades": 28,
        "losing_trades": 33,
        "win_rate": 0.45901639344262296,
        "total_pnl": -657.5699999999974,
        "expectancy": -10.779836065573729,
        "profit_factor": 0.5033679569400604,
        "sharpe_approx": -0.1495692069862315,
        "psr": 0.2070224486692032,
        "dsr": 0.2070224486692032,
        "max_drawdown": 439.15499999999815
      }
    },
    "metals": {
      "symbols": {
        "GLD": {
          "total_trades": 22,
          "win_rate": 0.45454545454545453,
          "total_pnl": 161.11499999999836,
          "profit_factor": 1.181186882886123,
          "max_drawdown": 310.14500000000197,
          "expectancy": 7.323409090909016,
          "sharpe_approx": 0.06135328618066121,
          "psr": 0.609067064662913,
          "dsr": 0.609067064662913,
          "winning_trades": 10,
          "losing_trades": 12,
          "total_bars": 7827,
          "zero_volume_pct": 0.0
        },
        "SLV": {
          "total_trades": 23,
          "win_rate": 0.6086956521739131,
          "total_pnl": 1071.5000000000005,
          "profit_factor": 1.8102079395085067,
          "max_drawdown": 848.4999999999998,
          "expectancy": 46.58695652173915,
          "sharpe_approx": 0.2301326703499791,
          "psr": 0.8346281833280509,
          "dsr": 0.8346281833280509,
          "winning_trades": 14,
          "losing_trades": 9,
          "total_bars": 8655,
          "zero_volume_pct": 0.0
        }
      },
      "aggregated": {
        "total_trades": 45,
        "winning_trades": 24,
        "losing_trades": 21,
        "win_rate": 0.5333333333333333,
        "total_pnl": 1232.6149999999989,
        "expectancy": 27.39144444444442,
        "profit_factor": 1.5026865340486744,
        "sharpe_approx": 0.14761830475609033,
        "psr": 0.7243538586473168,
        "dsr": 0.7243538586473168,
        "max_drawdown": 848.4999999999998
      }
    },
    "pharma": {
      "symbols": {
        "JNJ": {
          "total_trades": 28,
          "win_rate": 0.2857142857142857,
          "total_pnl": -269.5100000000016,
          "profit_factor": 0.35375503548820003,
          "max_drawdown": 269.5100000000016,
          "expectancy": -9.6253571428572,
          "sharpe_approx": -0.3154494610658975,
          "psr": 0.06789998790042838,
          "dsr": 0.06789998790042838,
          "winning_trades": 8,
          "losing_trades": 20,
          "total_bars": 6907,
          "zero_volume_pct": 0.0
        },
        "PFE": {
          "total_trades": 43,
          "win_rate": 0.32558139534883723,
          "total_pnl": -226.49999999999937,
          "profit_factor": 0.42585551330798443,
          "max_drawdown": 244.49999999999935,
          "expectancy": -5.267441860465102,
          "sharpe_approx": -0.28267343865163524,